0, normal, 0.001356
1, normal, 0.007777
2, normal, 0.169373
3, normal, 2.655435
4, normal, 71.562506
5, normal, 2016.264270
6, normal, 0.000928
7, normal, 0.006381
8, normal, 0.111289
9, normal, 2.863111
10, normal, 70.207281
11, normal, 1930.867717
12, normal, 0.001276
13, normal, 0.009867
14, normal, 0.108200
15, normal, 2.750101
16, normal, 70.122412
17, normal, 1935.193048
18, normal, 0.001577
19, normal, 0.006402
20, normal, 0.170108
21, normal, 2.835897
22, normal, 70.519478
23, normal, 1935.521159
24, normal, 0.001123
25, normal, 0.006251
26, normal, 0.115614
27, normal, 3.199829
28, normal, 69.954750
29, normal, 1930.441734
30, normal, 0.000984
31, normal, 0.005702
32, normal, 0.150412
33, normal, 2.709546
34, normal, 69.874946
35, normal, 1954.441471
0, normal, 0.001188
1, normal, 0.098361
2, normal, 0.107634
3, normal, 3.027164
4, normal, 72.290377
5, normal, 2009.546027
6, normal, 0.000977
7, normal, 0.006147
8, normal, 0.108317
9, normal, 2.720173
10, normal, 70.506194
11, normal, 1950.905011
12, normal, 0.001194
13, normal, 0.006145
14, normal, 0.109839
15, normal, 2.713140
16, normal, 70.366610
17, normal, 1930.002195
18, normal, 0.001065
19, normal, 0.006211
20, normal, 0.108777
21, normal, 2.752757
22, normal, 70.449008
23, normal, 1925.581573
24, normal, 0.000996
25, normal, 0.006236
26, normal, 0.108400
27, normal, 2.971079
28, normal, 69.643716
29, normal, 1931.321692
30, normal, 0.001034
31, normal, 0.005662
32, normal, 0.106615
33, normal, 3.070159
34, normal, 69.755016
35, normal, 1927.852167
unrolling, 0.001389
unrolling, 0.007369
unrolling, 0.122428
unrolling, 3.558446
unrolling, 78.123745
unrolling, 2168.325115
unrolling, 0.001293
unrolling, 0.007139
unrolling, 0.127331
unrolling, 3.300146
unrolling, 75.313150
unrolling, 2070.597482
unrolling, 0.001645
unrolling, 0.007576
unrolling, 0.119164
unrolling, 2.889513
unrolling, 75.766891
unrolling, 2073.026758
unrolling, 0.001555
unrolling, 0.007716
unrolling, 0.120254
unrolling, 2.883734
unrolling, 75.465703
unrolling, 2079.933780
unrolling, 0.001553
unrolling, 0.007192
unrolling, 0.133715
unrolling, 4.619477
unrolling, 75.330885
unrolling, 2065.530831
unrolling, 0.001529
unrolling, 0.010626
unrolling, 0.137957
unrolling, 2.894655
unrolling, 75.093950
unrolling, 2073.783905
unrolling, 0.001842
unrolling, 0.010878
unrolling, 0.118651
unrolling, 3.667614
unrolling, 78.622502
unrolling, 2163.723689
unrolling, 0.001545
unrolling, 0.007360
unrolling, 0.122603
unrolling, 2.986935
unrolling, 75.289165
unrolling, 2081.151036
unrolling, 0.001413
unrolling, 0.011618
unrolling, 0.118151
unrolling, 3.114785
unrolling, 75.146794
unrolling, 2081.912621
unrolling, 0.001605
unrolling, 0.007506
unrolling, 0.126194
unrolling, 2.972361
unrolling, 76.260892
unrolling, 2087.872941
unrolling, 0.001392
unrolling, 0.007455
unrolling, 0.125865
unrolling, 3.699442
unrolling, 76.217815
unrolling, 2080.187548
unrolling, 0.001344
unrolling, 0.007017
unrolling, 0.116460
unrolling, 3.030040
unrolling, 75.208079
unrolling, 2081.065203
unrollingEJam, 0.001381
unrollingEJam, 0.005849
unrollingEJam, 0.089463
unrollingEJam, 2.197457
unrollingEJam, 54.998898
unrollingEJam, 1528.806729
unrollingEJam, 0.001367
unrollingEJam, 0.005658
unrollingEJam, 0.088556
unrollingEJam, 2.099759
unrollingEJam, 54.986353
unrollingEJam, 1527.064112
unrollingEJam, 0.001201
unrollingEJam, 0.008984
unrollingEJam, 0.105183
unrollingEJam, 2.392066
unrollingEJam, 55.023597
unrollingEJam, 1528.060289
unrollingEJam, 0.001524
unrollingEJam, 0.005974
unrollingEJam, 0.211582
unrollingEJam, 2.758389
unrollingEJam, 55.069118
unrollingEJam, 1526.483575
unrollingEJam, 0.001672
unrollingEJam, 0.010203
unrollingEJam, 0.132137
unrollingEJam, 2.192648
unrollingEJam, 54.781756
unrollingEJam, 1529.818232
unrollingEJam, 0.001336
unrollingEJam, 0.005136
unrollingEJam, 0.100605
unrollingEJam, 2.183432
unrollingEJam, 54.788798
unrollingEJam, 1587.396722
unrollingEJam, 0.001492
unrollingEJam, 0.005664
unrollingEJam, 0.089254
unrollingEJam, 2.310231
unrollingEJam, 57.376686
unrollingEJam, 1630.817633
unrollingEJam, 0.001145
unrollingEJam, 0.009583
unrollingEJam, 0.089274
unrollingEJam, 2.232224
unrollingEJam, 55.267258
unrollingEJam, 1523.855925
unrollingEJam, 0.001316
unrollingEJam, 0.009302
unrollingEJam, 0.089198
unrollingEJam, 2.184732
unrollingEJam, 55.133458
unrollingEJam, 1525.028184
unrollingEJam, 0.001025
unrollingEJam, 0.005609
unrollingEJam, 0.088720
unrollingEJam, 2.127763
unrollingEJam, 55.145601
unrollingEJam, 1608.945802
unrollingEJam, 0.000958
unrollingEJam, 0.005733
unrollingEJam, 0.092127
unrollingEJam, 2.223954
unrollingEJam, 54.901311
unrollingEJam, 1516.822791
unrollingEJam, 0.001006
unrollingEJam, 0.005053
unrollingEJam, 0.086573
unrollingEJam, 2.178885
unrollingEJam, 54.939085
unrollingEJam, 1518.233585
gaussSeidel, 0.042342
gaussSeidel, 0.112203
gaussSeidel, 0.498485
gaussSeidel, 1.651337
gaussSeidel, 5.007063
gaussSeidel, 44.601829
gaussSeidel, 0.031305
gaussSeidel, 0.045875
gaussSeidel, 0.131858
gaussSeidel, 0.730698
gaussSeidel, 4.719220
gaussSeidel, 44.732761
gaussSeidel, 0.021084
gaussSeidel, 0.044155
gaussSeidel, 0.128798
gaussSeidel, 0.632667
gaussSeidel, 5.254662
gaussSeidel, 45.046782
gaussSeidel, 0.019042
gaussSeidel, 0.026420
gaussSeidel, 0.117748
gaussSeidel, 0.632664
gaussSeidel, 5.466589
gaussSeidel, 44.571255
gaussSeidel, 0.023279
gaussSeidel, 0.033528
gaussSeidel, 0.093352
gaussSeidel, 0.552797
gaussSeidel, 4.739895
gaussSeidel, 45.582437
gaussSeidel, 0.023514
gaussSeidel, 0.022239
gaussSeidel, 0.077409
gaussSeidel, 0.539360
gaussSeidel, 4.865209
gaussSeidel, 47.032104
gaussSeidel, 0.035955
gaussSeidel, 0.026000
gaussSeidel, 0.075792
gaussSeidel, 0.925934
gaussSeidel, 4.554538
gaussSeidel, 45.788087
gaussSeidel, 0.032875
gaussSeidel, 0.026583
gaussSeidel, 0.076191
gaussSeidel, 0.525643
gaussSeidel, 6.025718
gaussSeidel, 46.459023
gaussSeidel, 0.028733
gaussSeidel, 0.022419
gaussSeidel, 0.078795
gaussSeidel, 0.650954
gaussSeidel, 4.554859
gaussSeidel, 45.768200
gaussSeidel, 0.040157
gaussSeidel, 0.037837
gaussSeidel, 0.101488
gaussSeidel, 0.748178
gaussSeidel, 4.562973
gaussSeidel, 45.155178
gaussSeidel, 0.018680
gaussSeidel, 0.027166
gaussSeidel, 0.099818
gaussSeidel, 0.668685
gaussSeidel, 4.687481
gaussSeidel, 47.625772
gaussSeidel, 0.036467
gaussSeidel, 0.023168
gaussSeidel, 0.075963
gaussSeidel, 0.523555
gaussSeidel, 5.240963
gaussSeidel, 47.141644
gaussSeidel, 0.023733
gaussSeidel, 0.025546
gaussSeidel, 0.076704
gaussSeidel, 0.938376
gaussSeidel, 4.536347
gaussSeidel, 44.534965
gaussSeidel, 0.023639
gaussSeidel, 0.044869
gaussSeidel, 0.075293
gaussSeidel, 0.534636
gaussSeidel, 4.646108
gaussSeidel, 45.809847
gaussSeidel, 0.018716
gaussSeidel, 0.027114
gaussSeidel, 0.075810
gaussSeidel, 0.650490
gaussSeidel, 4.822481
gaussSeidel, 46.171260
gaussSeidel, 0.033118
gaussSeidel, 0.023110
gaussSeidel, 0.076526
gaussSeidel, 0.523520
gaussSeidel, 5.424111
gaussSeidel, 45.627744
gaussSeidel, 0.029501
gaussSeidel, 0.024068
gaussSeidel, 0.076196
gaussSeidel, 0.528544
gaussSeidel, 4.819929
gaussSeidel, 46.056445
gaussSeidel, 0.024503
gaussSeidel, 0.023181
gaussSeidel, 0.075524
gaussSeidel, 0.744697
gaussSeidel, 4.569316
gaussSeidel, 43.618695
gaussSeidel, 0.023055
gaussSeidel, 0.025279
gaussSeidel, 0.077445
gaussSeidel, 0.826606
gaussSeidel, 4.988625
gaussSeidel, 45.596079
gaussSeidel, 0.018274
gaussSeidel, 0.035825
gaussSeidel, 0.103837
gaussSeidel, 0.559922
gaussSeidel, 4.616168
gaussSeidel, 45.295231
gaussSeidel, 0.033712
gaussSeidel, 0.026717
gaussSeidel, 0.077258
gaussSeidel, 0.879586
gaussSeidel, 4.755285
gaussSeidel, 44.767853
gaussSeidel, 0.036766
gaussSeidel, 0.036636
gaussSeidel, 0.098211
gaussSeidel, 0.552376
gaussSeidel, 4.936717
gaussSeidel, 45.601244
gaussSeidel, 0.030564
gaussSeidel, 0.041350
gaussSeidel, 0.081019
gaussSeidel, 0.527259
gaussSeidel, 5.150988
gaussSeidel, 45.628294
gaussSeidel, 0.019157
gaussSeidel, 0.023004
gaussSeidel, 0.088552
gaussSeidel, 0.554310
gaussSeidel, 4.582307
gaussSeidel, 45.161265
